[
  {
    "id": "6b6bc385-4eac-46f6-8cc0-3418c2ce047c",
    "data": [
      {
        "text": "Quiero salir",
        "userDefined": false
      }
    ],
    "isTemplate": false,
    "count": 0,
    "updated": 1544661556
  },
  {
    "id": "01348e39-d9e3-40bc-a7bc-fd2c2d658c02",
    "data": [
      {
        "text": "No quiero nada más",
        "userDefined": false
      }
    ],
    "isTemplate": false,
    "count": 0,
    "updated": 1544661556
  },
  {
    "id": "eda17740-718b-436a-b1b2-b47de33f41a2",
    "data": [
      {
        "text": "Salir",
        "userDefined": false
      }
    ],
    "isTemplate": false,
    "count": 0,
    "updated": 1544661556
  },
  {
    "id": "5a1e31d1-360d-41b2-aa61-0ff793ce9241",
    "data": [
      {
        "text": "no lo quiero",
        "userDefined": false
      }
    ],
    "isTemplate": false,
    "count": 0,
    "updated": 1544661556
  },
  {
    "id": "a8e4594d-5d67-46e1-af52-3803d4144018",
    "data": [
      {
        "text": "no estoy de acuerdo",
        "userDefined": false
      }
    ],
    "isTemplate": false,
    "count": 0,
    "updated": 1544661556
  },
  {
    "id": "5f6380a3-9b7b-4712-bc5a-e494e0ef48c4",
    "data": [
      {
        "text": "gracias pero no",
        "userDefined": false
      }
    ],
    "isTemplate": false,
    "count": 0,
    "updated": 1544661556
  },
  {
    "id": "ff9efab7-032d-49e2-84f3-073ae86efc56",
    "data": [
      {
        "text": "no mucho",
        "userDefined": false
      }
    ],
    "isTemplate": false,
    "count": 0,
    "updated": 1544661556
  },
  {
    "id": "ecb010c4-2144-4cd4-a965-4e9f195d8664",
    "data": [
      {
        "text": "en absoluto",
        "userDefined": false
      }
    ],
    "isTemplate": false,
    "count": 0,
    "updated": 1544661556
  },
  {
    "id": "274a2c4b-b114-446a-9b9c-5c608670edf0",
    "data": [
      {
        "text": "no hacerlo",
        "userDefined": false
      }
    ],
    "isTemplate": false,
    "count": 0,
    "updated": 1544661556
  },
  {
    "id": "b33918da-d4e2-4c0d-a287-5bff1e725589",
    "data": [
      {
        "text": "no",
        "userDefined": false
      }
    ],
    "isTemplate": false,
    "count": 1,
    "updated": 1544661556
  },
  {
    "id": "e0179e2e-071a-4fb1-a93d-59c81a37216a",
    "data": [
      {
        "text": "no lo creo",
        "userDefined": false
      }
    ],
    "isTemplate": false,
    "count": 0,
    "updated": 1544661556
  },
  {
    "id": "08a2edc3-e848-464c-a4d8-a267ab2318dc",
    "data": [
      {
        "text": "no me interesa",
        "userDefined": false
      }
    ],
    "isTemplate": false,
    "count": 0,
    "updated": 1497432756
  }
]