[
  {
    "id": "581a8e43-17d9-448f-b3e2-aa2a17df7796",
    "data": [
      {
        "text": "resumen",
        "meta": "@sys.ignore",
        "userDefined": false
      }
    ],
    "isTemplate": false,
    "count": 0,
    "updated": 1543243016
  },
  {
    "id": "684aed63-133b-40a9-aa1e-6e4ea12dda91",
    "data": [
      {
        "text": "dime resumen",
        "userDefined": false
      }
    ],
    "isTemplate": false,
    "count": 0,
    "updated": 1544630832
  },
  {
    "id": "4c187d41-8fa8-44a2-b61f-142fb6b7cae6",
    "data": [
      {
        "text": "ver ",
        "userDefined": false
      },
      {
        "text": "un",
        "meta": "@sys.ignore",
        "userDefined": false
      },
      {
        "text": " ",
        "userDefined": false
      },
      {
        "text": "resumen",
        "meta": "@sys.ignore",
        "userDefined": false
      }
    ],
    "isTemplate": false,
    "count": 0,
    "updated": 1543243016
  }
]