[
  {
    "id": "ba9ef7d3-f1ce-4306-b1e1-8e5661e7a491",
    "data": [
      {
        "text": "si, dime los movimientos ",
        "userDefined": false
      },
      {
        "text": "de este mes",
        "alias": "date-period",
        "meta": "@sys.date-period",
        "userDefined": false
      }
    ],
    "isTemplate": false,
    "count": 0,
    "updated": 1544691338
  },
  {
    "id": "6bec0dc8-f097-49cf-a330-c040bc601de1",
    "data": [
      {
        "text": "ver mas",
        "userDefined": false
      }
    ],
    "isTemplate": false,
    "count": 0,
    "updated": 1544691338
  },
  {
    "id": "744d8d4d-777c-486c-bc77-b8ae1e4fca15",
    "data": [
      {
        "text": "dime mis movimientos previstos",
        "userDefined": false
      }
    ],
    "isTemplate": false,
    "count": 0,
    "updated": 1543240849
  },
  {
    "id": "b7ff2f56-0991-4396-b9a7-0a74d8a80454",
    "data": [
      {
        "text": "ok",
        "userDefined": false
      }
    ],
    "isTemplate": false,
    "count": 0,
    "updated": 1543224899
  },
  {
    "id": "39649de2-0b0b-40c9-91a2-170cdb703aed",
    "data": [
      {
        "text": "sí",
        "userDefined": false
      }
    ],
    "isTemplate": false,
    "count": 0,
    "updated": 1544626118
  },
  {
    "id": "48ffd7f5-dfd4-47ec-bbb7-adeb3f5b323e",
    "data": [
      {
        "text": "vale",
        "meta": "@sys.ignore",
        "userDefined": false
      }
    ],
    "isTemplate": false,
    "count": 0,
    "updated": 1543224899
  },
  {
    "id": "1726a3c5-bf0e-46e2-9d2c-ee31bf20e9b2",
    "data": [
      {
        "text": "dime los movimientos",
        "userDefined": false
      }
    ],
    "isTemplate": false,
    "count": 0,
    "updated": 1543224762
  },
  {
    "id": "20b93bed-c6a5-4436-bf50-4d7c0088ef4d",
    "data": [
      {
        "text": "dime los próximos movimientos ",
        "userDefined": false
      },
      {
        "text": "de este mes",
        "meta": "@sys.ignore",
        "userDefined": false
      }
    ],
    "isTemplate": false,
    "count": 0,
    "updated": 1543224762
  },
  {
    "id": "04d3b3b9-87fa-4ce8-8fa0-914805b839a2",
    "data": [
      {
        "text": "dime los proximos movimientos",
        "userDefined": false
      }
    ],
    "isTemplate": false,
    "count": 0,
    "updated": 1543224762
  },
  {
    "id": "80624f4c-6244-4fd3-a58e-c990afc41c1f",
    "data": [
      {
        "text": "dime los movimientos previstos",
        "userDefined": false
      }
    ],
    "isTemplate": false,
    "count": 0,
    "updated": 1543224762
  },
  {
    "id": "5ddc3326-4c1d-478c-8c45-a2ebc1b3a477",
    "data": [
      {
        "text": "dime los movimientos ",
        "userDefined": false
      },
      {
        "text": "de este mes",
        "meta": "@sys.ignore",
        "userDefined": false
      }
    ],
    "isTemplate": false,
    "count": 0,
    "updated": 1543224762
  }
]