[
  {
    "id": "b382a28b-714b-405a-ae8c-adf7435302ae",
    "data": [
      {
        "text": "¿Cual es el estado de mis presupuestos?",
        "userDefined": false
      }
    ],
    "isTemplate": false,
    "count": 0,
    "updated": 1544689748
  },
  {
    "id": "0ea88cba-07f1-4f53-926a-929fd9ca6a81",
    "data": [
      {
        "text": "dime mis notificaciones",
        "userDefined": false
      }
    ],
    "isTemplate": false,
    "count": 1,
    "updated": 1544689653
  },
  {
    "id": "0f373afe-99b6-43a0-bbd9-dcb3a4231bfb",
    "data": [
      {
        "text": "tengo notificaciones",
        "userDefined": false
      }
    ],
    "isTemplate": false,
    "count": 0,
    "updated": 1544689520
  }
]