[
  {
    "id": "d0753c6e-dc29-4bed-a6ff-5b80e225e515",
    "data": [
      {
        "text": "Quiero más",
        "userDefined": false
      }
    ],
    "isTemplate": false,
    "count": 0,
    "updated": 1544661150
  },
  {
    "id": "2d7c6cfc-a974-4162-951b-9f247ec9562a",
    "data": [
      {
        "text": "Dime más",
        "userDefined": false
      }
    ],
    "isTemplate": false,
    "count": 0,
    "updated": 1544661150
  },
  {
    "id": "656575e7-9834-4930-94c9-6e8ba52770ca",
    "data": [
      {
        "text": "Más",
        "userDefined": false
      }
    ],
    "isTemplate": false,
    "count": 0,
    "updated": 1544661150
  },
  {
    "id": "eee1b7bd-01cb-4139-bfc7-26f67bed630b",
    "data": [
      {
        "text": "Ver más movimientos",
        "userDefined": false
      }
    ],
    "isTemplate": false,
    "count": 0,
    "updated": 1544661150
  },
  {
    "id": "933ad3b5-d35f-4467-8a05-fdabaaed75ac",
    "data": [
      {
        "text": "Más movimientos",
        "userDefined": false
      }
    ],
    "isTemplate": false,
    "count": 0,
    "updated": 1544661150
  },
  {
    "id": "75ad5b02-ddd7-49cc-84a2-ca6765d5ac56",
    "data": [
      {
        "text": "Ver más",
        "userDefined": false
      }
    ],
    "isTemplate": false,
    "count": 0,
    "updated": 1544661150
  }
]